"Reference","Title","Obligation","Requirement","Rationale","Informative Note","Compliance Note","Filters","Complete"
"FF-40101","[General Specification Policy] Approved Versions of the FHIR Standard","Mandatory","<div>FHIR Specifications&#160;and FHIR Solutions&#160;SHALL&#160;be based on the following versions of the HL7 FHIR standard&#58;&#160;</div><div><ul><li><a href=""https&#58;//hl7.org/fhir/R4/"">4.0.1 — HL7 Fast Healthcare Interoperability Resources, Release 4 (R4)</a>&#160;</li></ul></div><div>
</div>","<div>HL7 FHIR R4 (4.0.1) — an HL7 International&#160;<a href=""https&#58;//confluence.hl7.org/spaces/HL7/pages/19136726/HL7+Balloting#HL7Balloting-BallotLevels"">Mixed Normative and Standard for Trial Use (STU)</a>&#160;—&#160;is the most widely adopted version of FHIR globally and in Australia.&#160;&#160;<p>Further,&#160;the NCTS is based on FHIR R4 and&#160;the HL7 Australia AU Base FHIR IG as well as all the&#160;FHIR&#160;IGs developed under the Sparked program are based on FHIR R4. Informative notes</p></div><div><p>HL7&#160;<a href=""http&#58;//hl7.org/fhir/R5/"">FHIR R5</a>&#160;(5.0.0) — an HL7 International&#160;<a href=""https&#58;//confluence.hl7.org/spaces/HL7/pages/19136726/HL7+Balloting#HL7Balloting-BallotLevels"">Standard for Trial Use (STU)</a>&#160;—&#160;is currently the official version of&#160;FHIR.&#160;</p></div><div>HL7 FHIR R6 is currently under development and may be&#160;released in 2026.&#160;</div><div>
</div>",,,"[""Implementation Guide"",""FHIR"",""Version""]","Yes"
"FF-40102","[General Specification Policy] FHIR Specifications","Mandatory","<div>FHIR Specifications <b>SHALL</b> be developed and published as FHIR Implementation Guides.&#160;
</div>","<div>FHIR implementation guides are the standard mechanism for documenting FHIR Solutions – including their supported resource profiles, interactions, capabilities, and system behaviour.&#160;
</div>","<div>A FHIR implementation guide (IG) is a set of rules concerning how the FHIR standard (including FHIR resource types and the RESTful API) are used to provide a solution for a particular problem including associated documentation to support and clarify the usage.&#160;
</div>","<br>","[""Implementation Guide"",""FHIR""]","Yes"
"FF-40103","[General Specification Policy] Development and publication of FHIR Specifications as FHIR IG","Mandatory","<div>FHIR Specifications&#160;SHALL&#160;be developed and published as a FHIR Implementation Guide (FHIR IG) using the&#160;HL7 International&#160;FHIR IG Publisher.&#160;
</div>","<div>The HL7 International FHIR Implementation Guide Publisher (IG Publisher) is a widely used and trusted tool for developing and publishing FHIR Implementation Guides. Additionally, it performs complex validation of content in specifications leading to better quality and fewer technical errors in publication. Finally, given the broad adoption of IG Publisher-developed FHIR IGs in Australia and globally, FHIR implementers have become very adept at reading FHIR IGs produced using the IG Publisher.&#160;
</div>","<div>The <a href=""https&#58;//confluence.hl7.org/spaces/FHIR/pages/35718627/IG+Publisher+Documentation"">HL7 International Implementation Guide Publisher</a> is an open-source Java application that processes the source code for a FHIR Implementation Guide and processes it to produce a published FHIR IG. The IG Publisher’s source code is available from GitHub in the <a href=""https&#58;//github.com/HL7/fhir-ig-publisher"">HL7/fhir-ig-publisher</a> repository.&#160;
</div>",,"[""Implementation Guide"",""FHIR""]","Yes"
"FF-40104","[General Specification Policy] Approved dependencies ","Mandatory","<div>FHIR Specifications&#160;<b>SHALL</b>&#160;only reference&#160;approved&#160;dependencies&#160;from the&#160;Agency&#160;FHIR Registry&#160;(AFR).&#160;
</div>","<div>Dependencies&#160;(including terminology artefacts, FHIR artefacts or base standards)&#160;should only be used&#160;if they have been assessed&#160;as suitable for use in Agency specifications.&#160;&#160;
</div>","<div>The&#160;Agency&#160;FHIR Registry&#160;(AFR) is a published list of approved FHIR specifications and artefacts (both internally and externally developed) for use by the Agency.&#160;The&#160;AFR&#160;is&#160;maintained&#160;by the&#160;FHIR Framework Group&#160;(FFG).&#160;&#160;For more details, see&#160;<a href=""/sites/FoundationFHIRFramework/SitePages/FHIR%20Registry.aspx"">FHIR Registry</a>.&#160;</div>",,"[""Implementation Guide"",""FHIR"",""Dependency""]","Yes"
"FF-40105","[General Specification Policy] Experimental dependencies ","Mandatory","<div>If&#160;FHIR&#160;specifications&#160;has any dependency on experimental artefact, then the specification&#160;<b>SHALL</b>&#160;explicitly provide narrative explaining the experimental artefact.&#160;
</div>","<div>Experimental dependencies (including terminology artefacts, FHIR&#160;extensions) should only be used if they have been assessed as suitable for use in Agency specifications&#160;and the implementers must&#160;be made aware of this.&#160;&#160;
</div>",,,"[""Implementation Guide"",""Dependency""]","Yes"
"FF-40106","[General Specification Policy] Inclusion in FHIR Package Registry ","Mandatory","<div>FHIR Implementation Guides (FHIR IGs) SHALL be packaged as FHIR NPM Packages and <b>SHALL </b>be published to the HL7 International FHIR Package Registry.</div>","<div>It is standard practice for publicly accessible FHIR Implementation Guides to be packaged as a <a href=""https&#58;//hl7.org/fhir/packages.html"">FHIR NPM Package</a> and uploaded to the <a href=""https&#58;//registry.fhir.org/"">FHIR Package Registry</a>.&#160;
</div>","<div>A FHIR Package is a collection of FHIR Resources (like a directory with a JSON file-per-resource). FHIR package management is based on the Node Package Manager (NPM) standard. The FHIR Package standard is currently a subset of the NPM standard.&#160;</div><div>The FHIR Package Registry allows implementers to search through the thousands of resources created by the community and provides quick access to reference, download, and install.&#160;</div><div>
</div>","<div>Whilst this requirement cannot be undertaken on assessment of the FHIR Specification itself (because it needs to pass assessment before it can be published), it is expected to be a follow-on action from a successful assessment of a submitted FHIR Specification, where the submitting team notify the FFG when the corresponding FHIR NPM Package has been added to the registry which the FFG can confirm.&#160;
</div>","[""Implementation Guide"",""FHIR"",""Registry""]","Yes"
"FF-40107","[General Specification Policy] Inclusion in FHIR Implementation Guide Registry ","Mandatory","<div>FHIR Implementation Guides (FHIR IGs) <b>SHALL</b> be published to the HL7 International FHIR Implementation Guide Registry.&#160;
</div>","<div>It is standard practice for publicly accessible FHIR Implementation Guides to be added to the Framework's&#160;<a href=""https&#58;//www.fhir.org/guides/registry/"">Implementation Guide Registry</a>.&#160;
</div>","<div>The FHIR Implementation Guide Registry provides a consolidated list of implementation guides defined by the FHIR community.&#160;
</div>","<div>Whilst this requirement cannot be undertaken on assessment of the FHIR Specification itself (because it needs to pass assessment before it can be published), it is expected to be a follow-on action from a successful assessment of a submitted FHIR Specification, where the submitting team notify the FFG when the corresponding FHIR IG has been added to the Implementation Guide Registry which the FFG can confirm.&#160;
</div>","[""Implementation Guide"",""FHIR"",""Registry""]","Yes"
"FF-40108","[General Specification Policy] Publication of terminology artefacts in the National Clinical Terminology Service ","Mandatory","<div>Terminology artefacts (including <i>CodeSystem</i>, <i>ValueSet</i>, and <i>ConceptMap</i> FHIR resource instances) <b>SHALL</b> be published through the National Clinical Terminology Service (NCTS) and made discoverable through the HL7 International Terminology Ecosystem.&#160;
</div>","<div>Publication in the <a href=""https&#58;//www.healthterminologies.gov.au/"">NCTS</a> allows these resources to be easily discovered (via the NCTS Website), distributed (via the NCTS National Syndication Service) and made available through the HL7 International Terminology Ecosystem.&#160;
</div>","<div>The NCTS is a national digital health service provided by the Australian Digital Health Agency to facilitate the effective use adoption of clinical terminology content products like SNOMED CT-AU.&#160;
</div>",,"[""Implementation Guide"",""FHIR"",""Terminology""]","Yes"
"FF-40201","[FHIR Resource Conformance] Resource Canonical Base ","Mandatory","FHIR&#160;conformance&#160;resources&#160;defined in&#160;a&#160;FHIR Specification<b>&#160;SHALL</b>&#160;use&#160;a canonical&#160;base&#160;URI&#160;structured in the following format&#58;&#160;</div><div class=""ExternalClass217975BBE775418FAEEC7606CCA6F794""><p><a>http&#58;//digitalhealth.gov.au/fhir/[ig-acronym]/</a>&#160;</p></div><div class=""ExternalClass217975BBE775418FAEEC7606CCA6F794""><div>Where&#58;&#160;</div><div><ul><li>[ig-acronym]&#160;is the acronym&#160;of&#160;the&#160;specific&#160;Implementation Guide.&#160;&#160;</li></ul></div><div class=""ExternalClassBE37EAC2EE2E41C784E2348B556F0E31""><div>
</div></div>","<div>The canonical base is used when populating the <i>url </i>value of resources as per resource-specific policy requirements. &#160;
</div>",,,"[""Resource"",""Convention"",""Canonical""]","Yes"
"FF-40202","[FHIR Resource Conformance] Resource Name ","Mandatory","<div></div></div><div>The&#160;<i>name&#160;</i>data element&#160;of the resource&#160;<b>SHALL</b>&#160;have a short and descriptive value and only be composed of a combination of&#58;&#160;</div><div><ul><li>upper and lower-case alphabetic characters; and&#160;</li><li>numeric characters; and&#160;</li><li>underscore (‘_’)&#160;to separate words&#160;</li></ul></div><div></div><div class=""ExternalClass4F1753AA10BD400395E89061B63F9D03""><div>
</div>","<div>The use of underscores (‘_’) in the ‘name’ element enables efficient computer processing during IG generation and provides better readability.&#160;
</div>","<div>The FHIR standard allows this value to have a maximum of 254 characters.&#160;
</div>",,"[""Resource"",""Convention""]","Yes"
"FF-40203","[FHIR Resource Conformance] Resource File Name ","Recommended","<div>The convention for name of FHIR resource file <b>SHOULD</b> follow the format&#58; <i>[resource-type]-[name]-[version].[file-extension].</i>&#160;&#160;</div><div>Where&#58;&#160;</div><div><ul><li>[resource-type] is the FHIR resource type; and&#160;</li><li>[name] is the value of the resource’s name element; and&#160;&#160;</li><li>[version] is the artefact version&#160;</li><li>[file-extension] is either&#160;</li><ul><li>xml for XML formatted files; or&#160;</li><li>json for JSON formatted files.&#160;</li></ul></ul></div><div>
</div>","<div>This helps maintain consistency while exporting FHIR resources as files and aligns with organisational standards to maintain consistency across teams.&#160;
</div>","<div>The file naming conventions may change based on the tool used to author the content and configuration settings within the IG publisher.&#160;&#160;
</div>",,"[""Resource"",""Convention"",""Recommendation""]","Yes"
"FF-40204","[FHIR Resource Conformance] Resource Title","Mandatory","</div></div><div></div><div>The<i>&#160;title&#160;</i>element of the resource&#160;<b>SHALL&#160;</b>be a&#160;completely&#160;human readable description in&#160;title case, that is grammatically correct, preferably with full expansion of any abbreviations included in the name unless those expansions are foreign to readers.&#160;It may include a suffix in brackets for the variant.&#160;</div><div>&#160;</div><div><div>The resource’s&#160;title&#160;value&#160;<b>SHALL&#160;</b>follow the followings&#58;&#160;</div><ul><li>be a&#160;completely&#160;human readable description in&#160;title case, that is grammatically&#160;correct.&#160;</li><li>preferably with full expansion of any abbreviations included in the name unless those expansions are foreign to&#160;readers.</li><li>It may include a suffix in brackets for the variant.&#160;</li></ul></div><div><div></div></div><div>
","<div>Serves as the human readable headline in generated docs, ensuring that the title is descriptive of what the resource is to aid in understanding and discovery&#160;
</div>","<div>For more information on ‘title case’ refer to the link&#58;&#160;&#160;</div><div><a href=""https&#58;//www.stylemanual.gov.au/blog/sentence-case-title-case-and-titles-works"">Sentence case, title case and the titles of works | Style Manual</a>&#160;</div><div>
</div>",,"[""Resource"",""Convention""]","Yes"
"FF-40205","[FHIR Resource Conformance] Resource Status","Mandatory","<div>The&#160;<i>status</i>&#160;element of the&#160;resource&#160;<b>SHALL</b>&#160;be set to ‘active’ for final publication.&#160;
</div>","<div>This field is used to track the life-cycle status of the resource.
</div>",,,"[""Resource"",""Status""]","Yes"
"FF-40206","[FHIR Resource Conformance] Experimental Resources","Mandatory","<div>The&#160;<i>experimental&#160;</i>element&#160;of the resource&#160;<b>SHALL</b>&#160;be set&#160;to&#160;‘false’ for&#160;specifications.</div>","<div>This Boolean flag specifies whether the resource has been created solely for testing purposes, with no version of the resource intended for actual deployment or production use.&#160;
</div>","<div>Specifications under development and not yet finalised may have the flag as ‘true’ for resources.&#160;&#160;
</div>",,"[""Resource""]","Yes"
"FF-40207","[FHIR Resource Conformance] Resource date ","Mandatory","<div>The&#160;<i>date</i>&#160;element&#160;of the resource&#160;<b>SHALL</b>&#160;include&#160;a value indicating&#160;when the&#160;resource&#160;was&#160;last&#160;changed&#160;using&#160;the format YYYY-DD-MM. The date&#160;<b>SHALL</b>&#160;be synced with the IG publication date.&#160;
</div>","<div>To ensure that implementers have clear visibility of the resource update date when the resource is accessed outside of the IG context.&#160;
</div>",,,"[""Resource"",""Convention""]","Yes"
"FF-40208","[FHIR Resource Conformance] Resource Publisher","Mandatory","<div>The&#160;<i>publisher</i>&#160;element&#160;of the resource&#160;<b>SHALL</b>&#160;use&#160;“Australian Digital Health Agency&quot;.</div>","<div>The&#160;publisher&#160;details&#160;help&#160;implementers&#160;assess the reliability of the information.&#160;<br></div>",,,"[""Resource"",""Convention""]","Yes"
"FF-40209","[FHIR Resource Conformance] Resource Contact","Mandatory","</div></div><div>The <i>contact&#160;</i>element&#160;of the resource&#160;<b>SHALL</b>&#160;include the&#160;following contact details&#160;</div><div><ul><li>contact.name&#160;&#58;&#160;Australian Digital Health Agency&#160;</li><li>contact.telecom&#160;</li><li>system&#160;&#58;&#160;url&#160;</li><li>value&#160;&#58;&#160;https&#58;//www.digitalhealth.gov.au&#160;</li><li>contact.telecom&#160;</li><li>system&#160;&#58;&#160;email&#160;</li><li>value&#160;&#58;&#160;help@digitalhealth.gov.au&#160;<br><a href=""mailto&#58;help@digitalhealth.gov.au"">mailto&#58;help@digitalhealth.gov.au</a>&#160;</li></ul></div><div class=""ExternalClass1A0DC3B3B2644338A7C34E91738B0C50""><div><div></div></div><div>
","<div>The contact information provides a direct and always reliable channels for readers, stakeholders, or users of the resource to reach out to the Agency with questions, feedback, or requests for clarification.&#160;
</div>","<div>FHIR Specification authors may add additional content elements if required.&#160;
</div>",,"[""Resource"",""Convention""]","Yes"
"FF-40210","[FHIR Resource Conformance] Resource Description","Mandatory","<div>The&#160;<i>description</i>&#160;element&#160;of the resource&#160;<b>SHALL</b>&#160;include a&#160;value&#160;which&#160;provides&#160;a&#160;succinct and&#160;contextual&#160;human-readable&#160;description of the&#160;resource.&#160;</div>","<div>The description of the resource gives readers a quick understanding of what the resource is, without needing to dig through technical details.&#160;
</div>",,,"[""Resource"",""Convention""]","Yes"
"FF-40211","[FHIR Resource Conformance] Resource Jurisdiction","Mandatory","<div>Projects within the&#160;agency<b>&#160;SHALL&#160;</b>adopt&#160;<i>UsageContext</i>&#160;for IG publication.&#160;The value for the ‘jurisdiction’&#160;<b>SHALL</b>&#160;be&#160;‘urn&#58;iso&#58;std&#58;iso&#58;3166#AU &quot;Australia&quot;’</div>","<div><ul><li>Using<i>&#160;UsageContext</i>&#160;in the implementation Guide&#160;ensures the&#160;specification&#160;is future-proof.&#160;</li><li>The jurisdiction details of a&#160;resource&#160;ensure&#160;the document aligns&#160;with relevant laws&#160;and regulations of the chosen jurisdiction, which may have unique requirements or&#160;policies.&#160;</li></ul></div><div class=""ExternalClass7455F7233972447BA0429008732CC1CA""><div>
</div></div>","<div>The&#160;<i>jurisdiction</i>&#160;element has been deprecated in FHIR R5 in favour of using&#160;<i>UsageContext</i>.&#160;&#160;
</div>",,"[""Resource"",""Convention""]","Yes"
"FF-40212","[FHIR Resource Conformance] Resource Purpose","Mandatory","<div>The&#160;<i>purpose&#160;</i>element&#160;of the resource<b>&#160;SHALL</b>&#160;provide&#160;a value which&#160;summarises&#160;clear&#160;purpose, including a brief description of the business problem&#160;the resources&#160;aims&#160;to solve.&#160;
</div>","<div>This establishes the resource’s purpose and ensures appropriate expectations are set for its intended use.
</div>",,,"[""Resource""]","Yes"
"FF-40213","[FHIR Resource Conformance] Resource Copyright","Mandatory","<div>The&#160;<i>copyright&#160;</i>element&#160;of the resource&#160;<b>SHALL</b>&#160;provide&#160;with the&#160;appropriate copyright&#160;statement&#160;as the value.&#160;&#160;
</div>","<div>This provides ownership clarity and relevant details around the public use and legal protection of the resource.&#160;
</div>","<div>The copyright element has a datatype of Markdown and thus allows formatting of the copyright statement.&#160;&#160;
</div>",,"[""Resource""]","Yes"
"FF-40214","[FHIR Resource Conformance] Resource Version","Mandatory","</div></div><div>The&#160;version&#160;element&#160;of the resource&#160;<b>SHALL</b>&#160;provide&#160;a value&#160;as per the defined versioning scheme in the specification.&#160;</div><div>The version of the resources<b>&#160;SHALL</b>&#160;meet the following requirements&#58;&#160;</div><div><ul><li><b>Terminology resource versions</b>&#58;&#160;The individual&#160;terminology artefacts&#160;(CodeSystem,&#160;ValueSet,&#160;ConceptMap)&#160;<b>SHALL</b>&#160;maintain their own version&#160;number which could be different than the IG version.&#160;</li><li><b>Other&#160;resource&#160;version&#58;&#160;</b>The version of the IG&#160;<b>SHALL</b>&#160;be defaulted to all&#160;these&#160;non-terminology resources.&#160;</li></ul></div><div class=""ExternalClassC82312245B894FCCBE8AD6A2E1076D89""><div><div></div></div><div>
","<div>Versioning enables a clear, auditable history of specification changes, ensuring that implementers know which version they are using and whether updates are available.&#160;
</div>","<div>Use case specific resources always uses the IG version number.&#160;</div><div>
</div><div>
</div>",,"[""Resource"",""Convention"",""Terminology"",""Value Set"",""Concept Map"",""Code System"",""Version""]","Yes"
"FF-40215","[FHIR Resource Conformance] Resource Change History","Mandatory","<div>Any&#160;changes&#160;to&#160;the IG artefacts&#160;<b>SHALL&#160;</b>be&#160;manually&#160;documented&#160;on a single page&#160;as&#160;a&#160;human readable&#160;change history&#160;within the Implementation Guide.&#160;
</div>","<div>The&#160;change history allows&#160;implementers&#160;to trace specific changes back to their&#160;implementation, which is crucial for auditing, compliance, and&#160;increases transparency.&#160;</div><div><div><br></div></div><div class=""ExternalClass5873AD8217314C76866C47380A8375A8""><div>
</div></div>","<div><ul><li>The change log details provided in the IG are created following the minimal log pattern and styles used in AU Core and AU Base.&#160;&#160;&#160;</li><li>Providing reference to any ticket number is optional.&#160;</li><li>Where applicable, link to change history of the IG artefacts can be generated using the HL7 provided Implementation Guide tool&#160;</li></ul></div><div>
</div>",,"[""Resource"",""Traceability""]","Yes"
"FF-40301","[FHIR ImplementationGuide] Resource Id","Mandatory","<div>The<i>&#160;resource Id</i>&#160;(logical identifier) of the Implementation Guide resource&#160;<b>SHALL</b>&#160;follow the format&#58;&#160;&#160;</div><div>au.gov.digitalhealth.fhir.[short-name]&#160;</div><div>Where&#58;&#160;</div><div>[short-name]&#160;is the abbreviated name of the Implementation Guide.&#160;</div><div>
</div>","<div>Consistent format of Resource Id&#160;makes&#160;the IG resource&#160;portable across environments (development, staging, production)&#160;provides a&#160;consistent&#160;way to form package-id for the implementation guide.&#160;<br></div>","<div><ul><li>The resource id will be used as the package id of the IG and will be registered in the Agency&#160;FHIR&#160;package registry.&#160;</li><li>The&#160;Resource id must be unique across implementation guides published&#160;by the&#160;Agency.&#160;</li><li>Resource id&#160;doesn’t need&#160;to include the version of the&#160;FHIR used.&#160;</li></ul></div><div><br></div>",,"[""Implementation Guide"",""Resource""]","Yes"
"FF-40302","[FHIR ImplementationGuide] Resource Url","Mandatory","<div>The <i>url</i> element <b>SHALL</b> be populated using a globally unique URI, structured in the following format&#58;&#160;</div><div>[base]/ImplementationGuide/[package-id]&#160;</div><div>&#160;</div><div>Where&#58;&#160;</div><div><ul><li>[base] is the canonical base URI of the resource&#160;</li><li>The [package-id] is the id element of the ImplementationGuide resource.&#160;</li></ul></div><div style=""font-family&#58;Calibri, Arial, Helvetica, sans-serif;font-size&#58;11pt;color&#58;rgb(50, 49, 48);background-color&#58;transparent;"">
</div>","<div>A globally unique URI&#160;for the Implementation Guide&#160;ensures consistency and alignment with the&#160;FHIR&#160;IG publication&#160;guidelines.&#160;<br></div>",,,"[""Implementation Guide"",""Resource"",""Convention"",""Canonical""]","Yes"
"FF-40303","[FHIR ImplementationGuide] Resource Name","Mandatory","<div>The [name] of the IG<b>&#160;SHALL</b> follow the format&#58; [ig]_ImplementationGuide&#160;</div><div>Where&#58;&#160;</div><div><ul><li>[ig]&#58; Represents short name specific to the FHIR Implementation Guide. Example&#58; Use “PCA” as the prefix for Provider Connect Australia specific IG.&#160;</li></ul></div><div>
</div>","<div>A consistent naming pattern improves&#160;readability and&#160;interoperability.&#160;<br></div>",,,"[""Implementation Guide"",""Resource"",""Convention""]","Yes"
"FF-40304","[FHIR ImplementationGuide] Resource Packaging","Mandatory","<div>ImplementationGuides <b>SHALL</b> be packaged and published in the following ways&#58;&#160;</div><div><ul><li>Use Case IG&#58; All IG’s built based on any specific user case SHALL be packaged separately.&#160;&#160;</li><li>Extension IG&#58; All extensions used in various IGs SHALL be packaged and published as a dedicated extension IG pack. The extensions are referenced from various use case specific IGs.&#160;</li><li>Terminology IG&#58; The terminology artefacts which are not published as part of the Use Case specific IGs but deployed in NCTS server, SHALL be published within the Terminology IG.&#160;</li></ul></div><div>
</div>","<div>Establishing a clear and logical delineation of artefacts across respective IGs facilitates improved maintainability, streamlined packaging, and efficient publication.&#160;<br></div>","<div><div><br></div></div><div><br></div>",,"[""Implementation Guide"",""Resource"",""Terminology""]","Yes"
"FF-40305","[FHIR ImplementationGuide] Resource Version","Mandatory","<div>The version of the IG<b> SHALL</b> follow the following guidelines&#58;&#160;</div><div><ul><li><b>Terminology IG</b>&#58; For terminology specific IG containing CodeSystem, ValueSet and ConceptMap SALL follow the <a href=""https&#58;//terminology.hl7.org/5.0.0/index.html"">HL7 THO</a> approach in which a 3-part release version identifier, in the format of MAJOR.MINOR.BUILD is used.&#160;&#160;</li><ul><li><b>MAJOR&#58; </b>Major number indicates a new major release which may include breaking changes or substantial layout or formatting changes.&#160;&#160;&#160;</li><li><b>MINOR&#58;</b> For all non-breaking changes which is a snapshot of the current build&#160;</li><li><b>BUILD&#58; </b>Always fixed as ‘0’ (zero).&#160;</li></ul><li><b>Use Case IG&#58;</b>&#160; All other conformant artefacts (e.g. ImplementationGuide, StructureDefinition, StructureMap etc) that are associated to the use case specific IG, <b>SHALL</b> follow the <a href=""https&#58;//semver.org/spec/v2.0.0.html"">Semantic Versioning</a> scheme where the standard MAJOR.MINOR.PATCH (x.y.z) format is used for FHIR specification artifacts. &#160;</li><ul><li><b>MAJOR&#58;</b> This represents the year the artefact was released, in 'YY' format.&#160;&#160;&#160;</li><li><b>MINOR</b>&#58; For all changes, both breaking and non-breaking changes. </li><li><b>PATCH&#58;</b> Always fixed as ‘0’ (zero). .&#160;</li></ul><li><b>Version Change Rule</b>&#58; The following rules <b>SHALL</b> be followed for incrementing the version number for non-terminology resources. &#160;</li><ul><li><b>Non-substantive changes&#58;</b> Minor updates to metadata (like the author's name) don't require a version change. &#160;</li><li><b>Strict changes&#58;</b> Any alteration to an artifact requires a version increment of the ‘y’ value in the ‘x.y.z’ scheme as mentioned above.</li></ul></ul></div><div style=""font-family&#58;Calibri, Arial, Helvetica, sans-serif;font-size&#58;11pt;color&#58;rgb(50, 49, 48);background-color&#58;transparent;"">
</div>","<div>IG&#160;versioning is critical for ensuring traceability, consistency, and control in&#160;the IG&#160;content,&#160;implementation, and&#160;relevant&#160;documentation management.&#160;<br></div>",,,"[""Implementation Guide"",""Traceability"",""Convention"",""Version""]","Yes"
"FF-40306","[FHIR ImplementationGuide] Specification Extensibility","Mandatory","<div></div></div><div>Implementation Guides&#160;<b>SHALL</b>&#160;explicitly&#160;state whether they are&#160;an&#160;extensible&#160;(open)&#160;specification&#160;or&#160;not&#160;(closed).</div><div class=""ExternalClass6373D314F8C54DB19E8A3D71345CC48F""><div style=""font-family&#58;Calibri, Arial, Helvetica, sans-serif;font-size&#58;11pt;color&#58;rgb(0, 0, 0);background-color&#58;transparent;""><br></div>","</div></div><div>Without clarity on whether a specification&#160;is&#160;extensible, adopters of the specification may&#160;make an incorrect assumption leading to&#160;unpredictable&#160;and difficult to manage outcomes.&#160;</div><div><br></div><div class=""ExternalClass42380C2231F1428FAD19C9747BB92BCB""><div style=""font-family&#58;Calibri, Arial, Helvetica, sans-serif;font-size&#58;11pt;color&#58;rgb(0, 0, 0);background-color&#58;transparent;""><br>","<div>The following points describe&#160;extensible and non-extensible&#160;specifications in this context&#58;</div><div><ul><li>Extensible or open&#160;specifications are those which allow&#160;adopters of the specification&#160;to extend the specifications&#160;beyond what is&#160;defined in the&#160;original&#160;specification&#160;and&#160;remaining&#160;conformant with the original specification.&#160;Examples include&#160;additional&#160;data elements in profiles,&#160;additional&#160;APIs&#160;operations (or operation parameters), and&#160;additional&#160;actor behaviours.&#160;</li><li>Non-extensible or closed specifications are those which&#160;forbid adopters from&#160;extending the&#160;original&#160;specification&#160;and&#160;remaining&#160;conformant&#160;with the&#160;original specification.&#160;&#160;</li></ul></div><div class=""ExternalClassE739E865647C4025B7BC03EE624053BE""><div style=""font-family&#58;Calibri, Arial, Helvetica, sans-serif;font-size&#58;11pt;color&#58;rgb(0, 0, 0);background-color&#58;transparent;""><span style=""margin&#58;0px;text-decoration&#58;underline;font-family&#58;&quot;Segoe UI&quot;, &quot;Segoe UI Web&quot;, Arial, Verdana, sans-serif;font-size&#58;12px;text-align&#58;left;background-color&#58;rgb(255, 255, 255);color&#58;rgb(136, 23, 152);""><span lang=""EN-AU"" style=""margin&#58;0px;font-size&#58;11pt;line-height&#58;19.2px;font-family&#58;Arial, Arial_EmbeddedFont, Arial_MSFontService, sans-serif;""><span style=""margin&#58;0px;""><div style=""margin-top&#58;14.6667px;margin-bottom&#58;14.6667px;""><br></div></span></span></span><br></div></div>",,"[""Implementation Guide"",""Extension""]","Yes"
"FF-40307","[FHIR ImplementationGuide] Extensible Specifications","Mandatory","<div>Extensible&#160;Implementation Guides&#160;<b>SHALL</b>&#160;explicitly&#160;state&#160;the&#160;rules and&#160;conditions for extensibility.&#160;<br></div>","<div>Most open specifications will have limitations on the extent to which adopters can extend the specification. For&#160;example,&#160;the use of modifier&#160;FHIR&#160;extensions&#160;may be undesirable.&#160;It may also be desirable for&#160;FHIR extensions from trusted sources to be adopted.&#160;<br></div>",,,"[""Implementation Guide"",""Extension""]","Yes"
"FF-40401","[FHIR StructureDefinition (Extension)] Resource Url","Mandatory","<div>The <i>url </i>element <b>SHALL</b> be populated using a globally unique URI, structured in the following format&#58;&#160;</div><div>[base]/StructureDefinition/[name]&#160;</div><div>Where&#58;&#160;</div><div><ul><li>[base] is the canonical base URI of the resource&#160;</li><li>The [name] is the value of the name element of the extension.&#160;</li></ul></div><div style=""font-family&#58;Calibri, Arial, Helvetica, sans-serif;font-size&#58;11pt;color&#58;rgb(50, 49, 48);background-color&#58;transparent;"">
</div>","<div>A globally unique URI&#160;for the&#160;agency defined extensions&#160;ensures consistency and alignment with the&#160;FHIR IG publication guidelines.&#160;<br></div>",,,"[""Structure Definition"",""Extension"",""Convention""]","Yes"
"FF-40402","[FHIR StructureDefinition (Extension)] Resource Name","Mandatory","<div>The [name] of the extension <b>SHALL </b>follow the format&#58; [ig (optional)]_[element-name(optional)]_[&lt;use-case&gt;]&#160;</div><div>Where&#58;&#160;</div><div><ul><li>[ig]&#58; Represents short name specific to the FHIR Implementation Guide. Example&#58; Use “MHR” as the prefix for all My Health Record specific extensions.&#160;</li><li>[&lt;element-name &gt;]&#58; name of the element in the FHIR resource.&#160;</li><li>[&lt;use case&gt;]&#58; describes the functional context of the extension. This could be individual words separated by ‘_‘&#160;</li><ul><li>can be two or three and less than five words&#160;</li><li>may contain common use abbreviations or acronyms&#160;</li></ul></ul></div><div style=""font-family&#58;Calibri, Arial, Helvetica, sans-serif;font-size&#58;11pt;color&#58;rgb(50, 49, 48);background-color&#58;transparent;"">
</div>","<div>A consistent naming pattern for agency defined extensions promotes improved readability and interoperability.&#160;<br></div>",,,"[""Structure Definition"",""Extension"",""Convention""]","Yes"
"FF-40501","[FHIR StructureDefinition (Profile)] Resource Url","Mandatory","<div>The url element <b>SHALL </b>be populated using a globally unique URI, structured in the following format&#58;&#160;</div><div>[base]/StructureDefinition/[name]&#160;</div><div>Where&#58;&#160;</div><div><ul><li>[base] is the canonical base URI of the resource&#160;</li><li>The [name] is the value of the name element of the extension.&#160;</li></ul></div><div>
</div>","<div>A globally unique URI&#160;for the agency defined custom profiles&#160;ensures consistency and alignment with the&#160;FHIR IG publication guidelines.&#160;<br></div>",,,"[""Structure Definition"",""Profile"",""Convention""]","Yes"
"FF-40502","[FHIR StructureDefinition (Profile)] Resource Name","Mandatory","<div>The [name] of the profile<b> SHALL</b> follow the format&#58; [ig]_[resource-type]_[use case (optional)]_[sub use case (optional)]&#160;</div><div>Where&#58;&#160;</div><div><ul><li>[ig]&#58; Represents short name specific to the FHIR Implementation Guide. Example&#58; Use “MHR” as the prefix for all My Health Record specific profiles.&#160;</li><li>[&lt;resource-type&gt;]&#58; This is the value in StructureDefinition.type, the FHIR resource type used in the profile.&#160;</li><li>[&lt;use case&gt;]&#58; While drafting any use-case specific profile, the use case can be included in the name.&#160;</li><li>[&lt;sub use case&gt;]&#58; Optionally, a sub use case name can be included if applicable.&#160;</li></ul></div><div>
</div>","<div>A consistent naming pattern for agency defined custom FHIR profiles promotes improved readability and interoperability.&#160;<br></div>",,,"[""Structure Definition"",""Profile"",""Convention""]","Yes"
"FF-40601","[FHIR CapabilityStatement] Resource Url","Mandatory","<div>The url element<b> SHALL </b>be populated using a globally unique URI, structured in the following format&#58;&#160;</div><div>[base]/CapabilityStatement/[name]&#160;</div><div>Where&#58;&#160;</div><div><ul><li>[base] is the canonical base URI of the resource&#160;</li><li>The [name] is the value of the name element of the capability statement.&#160;</li></ul></div><div>
</div>","<div>A globally unique URI&#160;for the server’s capability statement&#160;ensures consistency and&#160;easy retrieval by the implementing software&#160;applications.&#160;<br></div>",,,"[""Capability Statement"",""Convention""]","Yes"
"FF-40602","[FHIR CapabilityStatement] Resource Name","Mandatory","<div>The [name] of the capability statement<b> SHALL</b> follow the format&#58; [ig (optional)]_[&lt;use case&gt;(optional)]_CapabilityStatement&#160;</div><div>Where&#58;&#160;</div><div><ul><li>[ig]&#58; represents specific IG. Example&#58; Use “MOF” as the prefix for all My Health Record On FHIR specific profiles.&#160;</li><li>[&lt;use case&gt;]&#58; describes the functional context of the capability statement.&#160;</li><li>Either the &lt;ig&gt; or the &lt;user case&gt; or both <b>SHALL </b>be present.&#160;</li></ul></div><div>
</div>","<div>A consistent naming pattern for capability statement promotes improved readability and interoperability.&#160;<br></div>",,,"[""Capability Statement"",""Convention""]","Yes"
"FF-40701","[FHIR SearchParameter] Resource Url","Mandatory","<div>The <i>url </i>element <b>SHALL </b>be populated using a globally unique URI, structured in the following format&#58;&#160;</div><div>[base]/SearchParameter/[name]&#160;</div><div>Where&#58;&#160;</div><div><ul><li>[base] is the canonical base URI of the resource&#160;</li><li>The [name] is the value of the name element of the search parameter.&#160;</li></ul></div><div>
</div>","<div>A globally unique URI&#160;for the&#160;custom search parameter profiles&#160;ensures consistency and alignment with the&#160;FHIR IG publication guidelines.&#160;<br></div>",,,"[""Search Parameter"",""Convention""]","Yes"
"FF-40702","[FHIR SearchParameter] Resource Name","Mandatory","<div>The [name] of the capability statement<b> SHALL </b>follow the format&#58; [ig (optional)]_[&lt;resource-type&gt;]_[&lt;use case&gt;]&#160;</div><div>Where&#58;&#160;</div><div><ul><li>[ig]&#58; represents specific IG. Example&#58; Use “MOF” as the prefix for all My Health Record On FHIR specific profiles.&#160;</li><li>&lt;resource-type&gt;&#58; FHIR resource type.&#160;</li><li>[&lt;use case&gt;]&#58; describes the functional context of the search parameter&#160;</li></ul></div><div>
</div>","<div>A consistent naming pattern for agency defined search&#160;parameters&#160;promotes improved readability and interoperability.&#160;<br></div>","<div>
</div>",,"[""Search Parameter"",""Convention""]","Yes"
"FF-40801","[FHIR OperationDefinition] Resource Url","Mandatory","<div>The&#160;url&#160;element&#160;<b>SHALL</b>&#160;be populated using&#160;a globally unique URI, structured in the following format&#58;&#160;</div><div>[base]/OperationDefinition/[name]&#160;</div><div>Where&#58;&#160;</div><div><ul><li>[base] is the&#160;canonical&#160;base URI of the&#160;resource&#160;</li><li>The&#160;[name]&#160;is&#160;the value of the name element of the operation.&#160;</li></ul></div><div style=""font-family&#58;Calibri, Arial, Helvetica, sans-serif;font-size&#58;11pt;color&#58;rgb(50, 49, 48);background-color&#58;transparent;"">
</div>","<div>A globally unique URI&#160;for the agency defined custom FHIR operations&#160;ensures consistency and alignment with the&#160;FHIR IG publication guidelines.&#160;<br></div>",,,"[""Operation Definition"",""Convention""]","Yes"
"FF-40802","[FHIR OperationDefinition] Resource Name","Mandatory","<div>The [name] of&#160;the&#160;capability statement&#160;<b>SHALL&#160;</b>follow the&#160;format&#58;&#160;[ig (optional)]_[&lt;use case&gt;]&#160;</div><div>Where&#58;&#160;</div><div><ul><li>[ig]&#58;&#160;represents specific IG. Example&#58;&#160;Use “MOF”&#160;as the&#160;prefix for all&#160;My Health&#160;Record&#160;On&#160;FHIR&#160;specific&#160;profiles.&#160;</li><li>[&lt;use case&gt;]&#58;&#160;describes the functional&#160;context of the&#160;operation&#160;</li></ul></div><div>
</div>","<div>A consistent naming pattern for agency defined FHIR operations promotes improved readability and interoperability.&#160;<br></div>",,,"[""Operation Definition"",""Convention""]","Yes"
"FF-41001","[CodeSystem] Resource Url","Mandatory","<div>The&#160;url&#160;element&#160;<b>SHALL&#160;</b>be populated using&#160;a globally unique URI, structured in the following format&#58;&#160;</div><div>[base]/CodeSystem/[name]&#160;</div><div>Where&#58;&#160;</div><div><ul><li>[base] is&#160;the canonical base URI of the&#160;resource&#160;</li><li>The&#160;[name]&#160;is&#160;the value of the name element of the CodeSystem.&#160;</li><li>CodeSystem's&#160;identifier SHALL&#160;be aligned with the NCTS Complete Code System profile&#160;</li></ul></div><div>
</div>","<div>A globally unique URI&#160;for the CodeSystem resources&#160;ensures consistency and alignment with the&#160;FHIR IG publication guidelines.&#160;<br></div>",,,"[""Code System"",""Convention""]","Yes"
"FF-41002","[CodeSystem] Resource Name","Mandatory","<div>The [name] of the&#160;CodeSystem&#160;<b>SHALL</b>&#160;follow the format&#58;&#160;[&lt;use-case&gt;]&#160;</div><div>Where&#58;&#160;</div><div><ul><li>[&lt;use case&gt;]&#58; describes the functional context of the&#160;code system&#160;</li></ul></div><div>
</div>","<div>A consistent naming pattern for agency defined CodeSystem resources promotes improved readability and interoperability.&#160;
</div>","<div>While the&#160;<i>ValueSet</i>&#160;name is typically&#160;suffixed from&#160;the IG name, the Code System name should remain more generic and does not require the IG&#160;in the name.&#160;<br></div>",,"[""Code System"",""Convention""]","Yes"
"FF-41003","[CodeSystem] NCTS Complete Code System Profile ","Mandatory","<div>f the FHIR&#160;<i>CodeSystem</i>&#160;resource has a content element value of&#160;<i>complete</i>, it&#160;<b>SHALL</b>&#160;conform to&#160;the latest&#160;available&#160;version&#160;of&#160;the&#160;NCTS Complete Code System&#160;FHIR&#160;profile&#160;for&#160;FHIR R4.&#160;
</div>","<div>The&#160;<a href=""https&#58;//www.healthterminologies.gov.au/specs/v3/content-types/complete-code-system/"">NCTS Complete Code System FHIR profile</a>&#160;ensures best&#160;practices&#160;are followed&#160;for CodeSystem resources that define complete code systems&#160;and better compatibility with the NCTS.&#160;&#160;
</div>","<div>The url for&#160;the NCTS Complete Code System FHIR profile is&#160;<a href=""https&#58;//healthterminologies.gov.au/fhir/StructureDefinition/complete-code-system-4"">https&#58;//healthterminologies.gov.au/fhir/StructureDefinition/complete-code-system-4</a>&#160;
</div>",,"[""Code System"",""Convention""]","Yes"
"FF-41101","[ValueSet] Resource Url","Mandatory","<div>The<i>&#160;url</i>&#160;element<b>&#160;SHALL</b>&#160;be populated using&#160;a&#160;globally&#160;unique URI, structured in the following format&#58;&#160;</div><div>[base]/<i>ValueSet</i>/[name]&#160;</div><div>Where&#58;&#160;</div><div><ul><li>[base] is the canonical base URI of the&#160;resource&#160;</li><li>The&#160;[name]&#160;is&#160;the value of the name element of&#160;the&#160;<i>ValueSet</i>.&#160;</li></ul></div><div>
</div>","<div></div></div><div>A globally unique URI&#160;for the&#160;ValueSet resources&#160;ensures consistency and alignment with the&#160;FHIR IG publication guidelines.&#160;</div><div></div><div class=""ExternalClassD3D8F1AA6646443FA26527617529755C""><div>
</div>",,,"[""Value Set"",""Convention""]","Yes"
"FF-41102","[ValueSet] Resource Name","Mandatory","<div>The [name] of the&#160;ValueSet <b>SHALL</b>&#160;follow the&#160;format&#58;&#160;[ig]_[&lt;use-case&gt;]&#160;</div><div>where&#160;</div><div><ul><li>[ig]&#58;&#160;represents&#160;specific IG. Example&#58;&#160;Use “MOF”&#160;as the&#160;prefix for all&#160;My Health Record&#160;On&#160;FHIR&#160;specific&#160;profiles.&#160;</li><li>[&lt;use case&gt;]&#58;&#160;describes the functional&#160;context of the&#160;value set&#160;</li></ul></div><div>
</div>","<div>A consistent naming pattern&#160;for agency defined&#160;<i>ValueSet</i> resources promotes improved readability and interoperability.&#160;<br></div>",,,"[""Value Set"",""Convention""]","Yes"
"FF-41103","[ValueSet] NCTS Composed Value Set profile ","Mandatory","<div>If the FHIR&#160;ValueSet&#160;resource&#160;is a value set definition, it&#160;SHALL&#160;conform to version 4.1.0 of the NCTS&#160;Composed Value Set&#160;FHIR profile.&#160;
</div>","<div>The&#160;<a href=""https&#58;//www.healthterminologies.gov.au/specs/v3/content-types/composed-value-set/"">NCTS Composed Value Set&#160;FHIR profile</a>&#160;ensures best practicses are followed for&#160;ValueSet definition&#160;resources&#160;and better compatibility with the NCTS.&#160;&#160;
</div>","<div>The url for the NCTS Composed Value Set&#160;FHIR profile is&#160;<a href=""https&#58;//healthterminologies.gov.au/fhir/StructureDefinition/composed-value-set-4"">https&#58;//healthterminologies.gov.au/fhir/StructureDefinition/composed-value-set-4</a>&#160;
</div>",,"[""Value Set"",""Convention""]","Yes"
"FF-41201","[ConceptMap] Resource Url","Mandatory","<div>The&#160;url&#160;element&#160;<b>SHALL&#160;</b>be populated using&#160;a globally unique URI, structured in the following format&#58;&#160;</div><div>[base]/ConceptMap/[name]&#160;</div><div>Where&#58;&#160;</div><div><ul><li>[base] is the canonical base URI of the&#160;resource&#160;</li><li>The&#160;[name]&#160;is&#160;the value of the name element of the ConceptMap.&#160;</li></ul></div><div>
</div>","<div>A globally unique URI&#160;for the ConceptMap resources&#160;ensures consistency and alignment with the&#160;FHIR IG publication guidelines.&#160;<br></div>",,,"[""Concept Map"",""Convention""]","Yes"
"FF-41202","[ConceptMap] Resource Name","Mandatory","<div>The [name] of the&#160;concept map&#160;SHALL&#160;follow the&#160;format&#58; [ig (optional)]_[&lt;use-case&gt;]_[&lt;source concept standard&gt;_To_&lt;target concept standard&gt;(optional)]&#160;</div><div>Where&#58;&#160;</div><div><ul><li>[ig]&#58;&#160;Represents&#160;short name&#160;specific&#160;to the FHIR specification. Example&#58;&#160;Use “MHR”&#160;as the&#160;prefix for all&#160;My Health Record specific&#160;ConceptMaps.&#160;</li><li>[&lt;use-case&gt;]&#58;&#160;describes the functional&#160;context of the&#160;ConceptMap.&#160;&#160;</li><li>Optional Source and Target&#160;contexts&#58;&#160;</li><ul><li>&lt;source concept standard&gt;&#58; source concept systems name. e.g. HL7 v2&#160;</li><li>&lt;target concept standard&gt;&#58; target concept systems name. e.g. SNOMED-CT AU&#160;</li></ul></ul></div><div>
</div>","<div>A consistent naming pattern for agency defined ConceptMap resources promotes improved readability and interoperability.&#160;<br></div>",,,"[""Concept Map"",""Convention""]","Yes"
"FF-41203","[ConceptMap] Resource Example","Recommended","<div>The following&#160;additional&#160;policy requirements&#160;<b>SHOULD&#160;</b>be followed&#160;while&#160;providing ConceptMap&#160;specific examples&#58;&#160;</div><div><ul><li>Provide example to demonstrate multiple sources&#160;and targets&#160;combination&#160;</li><li>Provide&#160;example to demonstrate complex ConceptMap&#160;</li><li>Provide&#160;separate&#160;examples&#160;to demonstrate the following relationship between source and target&#160;</li><ul><li>related-to&#160;</li><li>equivalent &#160;</li><li>source-is-narrower-than-target&#160;</li><li>source-is-broader-than-target &#160;</li><li>not-related-to&#160;</li></ul></ul></div><div>
</div>","<div>Multiple examples of ConceptMap resources help&#160;implementers&#160;better understand how to use them.&#160;<br></div>",,,"[""Concept Map"",""Convention""]","Yes"
"FF-41204","[ConceptMap] NCTS General Concept Map profile ","Mandatory","<div>FHIR&#160;ConceptMap&#160;resources<b>&#160;SHALL&#160;</b>conform to version 4.0.0 of the NCTS&#160;General Concept Map&#160;FHIR profile.&#160;
</div>","<div>The&#160;<a href=""https&#58;//www.healthterminologies.gov.au/specs/v3/content-types/general-concept-map/"">NCTS&#160;General&#160;Concept Map&#160;FHIR profile</a>&#160;ensures best practicses are followed for&#160;ConceptMap&#160;resources and better compatibility with the NCTS.&#160;&#160;
</div>","<div>The url for the NCTS&#160;General Concept Map&#160;FHIR profile is&#160;<a href=""https&#58;//healthterminologies.gov.au/fhir/StructureDefinition/general-concept-map-4"">https&#58;//healthterminologies.gov.au/fhir/StructureDefinition/general-concept-map-4</a>&#160;
</div>",,"[""Concept Map"",""Convention""]","Yes"
"FF-41301","[StructureMap] Resource Url","Mandatory","<div>The&#160;<i>url&#160;</i>element&#160;<b>SHALL&#160;</b>be populated using&#160;a globally unique URI, structured in the following format&#58;&#160;</div><div>[base]/StructureMap/[name]&#160;</div><div>Where&#58;&#160;</div><div><ul><li>[base] is the canonical base URI of the&#160;resource&#160;</li><li>The&#160;[name]&#160;is&#160;the value of the name element of the StructureMap&#160;</li></ul></div><div style=""font-family&#58;Calibri, Arial, Helvetica, sans-serif;font-size&#58;11pt;color&#58;rgb(50, 49, 48);background-color&#58;transparent;"">
</div>","<div>A globally unique URI&#160;for the StructureMap resources&#160;ensures consistency and alignment with the&#160;FHIR IG publication guidelines.&#160;<br></div>",,,"[""Structure Map"",""Convention""]","Yes"
"FF-41302","[Structure Map] Resource Name","Mandatory","<div>The [name] of the&#160;structure&#160;map<b>&#160;SHALL</b>&#160;follow the&#160;format&#58;&#160;[ig (optional)]_Transform_[&lt;source structure&gt;]_To_[&lt;target structure&gt;]&#160;</div><div>Where&#58;&#160;</div><div><ul><li>[ig]&#58;&#160;Represents&#160;short&#160;name&#160;specific&#160;to the FHIR specification. Example&#58;&#160;Use “MHR”&#160;as the&#160;prefix for all&#160;My Health Record specific&#160;StructureMaps.&#160;</li><li>Source and Target structures&#58;&#160;</li><li>&lt;source&#160;structure&gt;&#58; source&#160;StructureDefinition. e.g.&#160;ActivityDefinition&#160;</li><li>&lt;target&#160;structure&#160;&gt;&#58; target StructureDefinition. e.g.&#160;SupplyRequest&#160;</li></ul></div><div>
</div>","<div>A consistent naming pattern for agency defined StructureMap resources promotes improved readability and interoperability.&#160;<br></div>",,,"[""Structure Map"",""Convention""]","Yes"
"FF-41303","[Structure Map] Resource Example","Recommended","<div>The&#160;following additional policy requirements<b>&#160;SHOULD</b>&#160;be followed while providing StructureMap specific examples&#58;&#160;</div><div><ul><li>Provide example&#160;to demonstrate multiple sources and targets combinations&#160;</li><li>Provide example to demonstrate complex StructureMap&#160;</li></ul></div><div style=""font-family&#58;Calibri, Arial, Helvetica, sans-serif;font-size&#58;11pt;color&#58;rgb(50, 49, 48);background-color&#58;transparent;"">
</div>","<div>Multiple examples of&#160;StructureMap resources help&#160;implementers&#160;better understand how to use them.&#160;<br></div>",,,"[""Structure Map"",""Convention""]","Yes"
"FF-41401","[Questionnaire] Resource Url","Mandatory","<div>The&#160;<i>url</i>&#160;element&#160;<b>SHALL</b>&#160;be populated using&#160;a globally unique URI, structured in the following format&#58;&#160;</div><div>[base]/Questionnaire/[name]&#160;</div><div>Where&#58;&#160;</div><div><ul><li>[base] is the&#160;canonical&#160;base URI of the resource&#160;</li><li>The&#160;[name]&#160;is&#160;the value of the name element of the Questionnaire&#160;</li></ul></div><div>
</div>","<div>A globally unique URI&#160;for the Questionnaire instances&#160;ensures consistency and alignment with the&#160;FHIR IG publication guidelines.&#160;<br></div>",,,"[""Questionaire"",""Convention""]","Yes"
"FF-41402","[Questionnaire] Resource Name","Mandatory","<div>The [name] of the&#160;Questionnaire&#160;<b>SHALL</b>&#160;follow the&#160;format&#58;&#160;[ig&#160;(optional)]_[&lt;use-case&gt;]&#160;</div><div>Where&#58;&#160;</div><div><ul><li>[ig]&#58;&#160;Represents&#160;short name&#160;specific&#160;to the FHIR specification. Example&#58;&#160;Use “CHAP”&#160;as the&#160;prefix for all&#160;CHAP&#160;Questionnaire.&#160;</li><li>[&lt;use-case&gt;]&#58;&#160;describes the functional&#160;context of the&#160;Questionnaire.&#160;&#160;</li></ul></div><div>
</div><div>
</div>","<div>A consistent naming pattern for agency defined Questionnaires promotes improved readability and interoperability.&#160;<br></div>",,,"[""Questionaire"",""Convention""]","Yes"
"FF-41403","[Questionnnaire] Limit Questionnaire Nesting Level","Recommended","<div>Where possible,&#160;nested Questionnaire above 2 levels&#160;<b>SHOULD</b>&#160;be&#160;avoided.
</div>","<div>Deep nesting can lead to&#58;&#160;</div><div><ul><li>Increased complexity in rendering and user interface design.&#160;</li><li>Difficulty in&#160;maintaining&#160;and validating the structure.&#160;</li><li>Challenges in mapping responses to data models or clinical concepts&#160;and data extraction.&#160;</li><li>Limiting levels helps optimise performance, especially in mobile or low-resource environments.&#160;</li></ul></div><div>
</div>","<div>Where possible,&#160;apply&#160;<a href=""https&#58;//build.fhir.org/ig/HL7/sdc/StructureDefinition-sdc-questionnaire.html"">SDC Questionnaire</a>&#160;model.
</div>",,"[""Questionaire"",""Recommendation""]","Yes"
"FF-41404","[Questionnaire] Support for Data Extraction","Recommended","<div>The&#160;<a href=""https&#58;//build.fhir.org/ig/HL7/sdc/OperationDefinition-QuestionnaireResponse-extract.html"">$extract</a>&#160;operation and&#160;<a href=""https&#58;//build.fhir.org/ig/HL7/sdc/extraction.html#template-extract"">template extraction</a>&#160;process&#160;SHOULD&#160;be&#160;leveraged&#160;to extract data&#160;where applicable.&#160;&#160;
</div>","<div>Data extraction enables better use of the collected data and supports the followings&#58;&#160;</div><div><ul><li>Clinical decision support&#160;&#160;</li><li>Analytics&#160;&#160;</li><li>Integration with EHRs or other systems&#160;</li></ul></div><div>
</div>","<div><ul><li>Minimising nesting in the Questionnaire resources in such a way&#160;so that specific answers can be extracted into other FHIR resources.&#160;</li><li>Apply&#160;StructureMap&#160;based extraction where template extraction&#160;can’t&#160;be achieved.&#160;</li></ul></div><div style=""font-family&#58;Calibri, Arial, Helvetica, sans-serif;font-size&#58;11pt;color&#58;rgb(50, 49, 48);background-color&#58;transparent;"">
</div>",,"[""Questionaire"",""Accessibility"",""Recommendation""]","Yes"
"FF-41405","[Questionnaire] Multiple Language Support","Recommended","<div>Where applicable, multi-language support&#160;for Questionnaire resources <b>SHOULD</b>&#160;be&#160;supported.
</div>","<div>Enabling multilingual support in Questionnaires enhances accessibility across diverse healthcare settings.&#160;
</div>","<div><ul><li>Leverage&#160;<a href=""https&#58;//hl7.org/fhir/R4/resource-definitions.html#Resource.language"">Resource.language</a>&#160;and&#160;<a href=""http&#58;//hl7.org/fhir/StructureDefinition/language"">Human Language extension</a>&#160;to support&#160;the language&#160;of the questionnaire content.&#160;</li><li>Prefer using&#160;a&#160;‘xml&#58;lang’&#160;attribute on a top-level ‘div’ within the Narrative section&#160;and display all the language so that language aware system can filter based on the logged in user’s language choice.&#160;</li></ul></div><div>
</div>",,"[""Questionaire"",""Accessibility"",""Recommendation""]","Yes"
"FF-41406","[Questionanaire] Favour Simplicity","Recommended","<div>Favour simplicity over complexity, where the same outcome can be achieved (e.g.&#58; multiple&#160;enableWhen&#160;vs&#160;enableWhenExpression) and focus on the structure of Questionnaire than rendering.&#160;
</div>","<div>Simplicity is likely to be less compute intensive as well as being more readable to future authors.&#160;
</div>","<div><ul><li>In line with standard programming principles, variables must be declared before they are referenced. &#160;</li><li>Where applicable, prefer using&#160;FHIRPath&#160;functions with the smallest footprint.&#160;&#160;</li></ul></div><div>
</div>",,"[""Questionaire"",""Recommendation""]","Yes"
"FF-41407","[Questionnaire] Use of ValueSet","Recommended","<div>ValueSet resources&#160;<b>SHALL</b>&#160;be&#160;used&#160;wherever lists&#160;of predefined Coding&#160;values are reused throughout a Questionnaire.&#160;
</div>","<div>Enhance&#160;re-usability,&#160;brevity&#160;and performance.
</div>","<div>Using&#160;a&#160;ValueSet&#160;provides&#160;a reusable solution for populating dropdown lists with the same set of options across multiple questions.&#160;
</div>",,"[""Questionaire"",""Value Set"",""Recommendation""]","Yes"
"FF-41408","[Questionnaire] Choice Data Type Design","Recommended","<div>ValueCoding&#160;resources&#160;<b>SHALL</b>&#160;be&#160;used&#160;for&#160;items of type Choice.&#160;
</div>","<div>Expressions using the answer can rely upon the code, and the display can be separated from the interactivity expressions. However, when using&#160;valueString, each of the dependant expressions need to also be updated when a small wording change is required by the business.&#160;
</div>","<div>Using&#160;valueCoding&#160;can buffer against any&#160;possible wording&#160;changes to the possible answers.&#160;
</div>",,"[""Questionaire"",""Recommendation""]","Yes"
"FF-41409","[Questionnaire] Use of Terminology Server","Recommended","<div>Where possible, terminology resources used in the Questionnaire resources&#160;<b>SHOULD</b>&#160;be fetched from a terminology server than using it as&#160;contained&#160;resource.&#160;
</div>","<div>Decoupling the Questionnaire from the terminology&#160;resources&#160;offers greater flexibility and easier maintenance.&#160;
</div>","<div>Prefer using&#160;valueCoding&#160;whiling designing items of type&#160;Choice.&#160;
</div>",,"[""Questionaire"",""Terminology"",""Recommendation""]","Yes"
"FF-41501","[Example] Must Include Example","Recommended","<div>Each conformance resource in the specification&#160;SHALL&#160;include&#160;at least one example conformant to the specification in context.&#160;
</div>","<div>Inclusion of&#160;examples for each conformance resource in the specification ensures clarity in implementation.&#160;
</div>","<div>Include Agency profile and specification conformant examples only. Avoid&#160;including&#160;examples for conformant resources that are derived from another implementation guide or specification.&#160;
</div>",,"[""Implementation Guide"",""Recommendation"",""Example""]","Yes"
"FF-41502","[Example] OperationDefintion Interaction Example","Recommended","<div>Each&#160;OperationDefinition&#160;<b>SHALL</b>&#160;be accompanied by&#160;pairs&#160;of&#160;request and&#160;corresponding&#160;response examples which cover the distinct ways the operation&#160;can be invoked.<br></div><div class=""ExternalClassA01EA6AE391F471184E9E436E29015E4""><div style=""font-family&#58;Calibri, Arial, Helvetica, sans-serif;font-size&#58;11pt;color&#58;rgb(50, 49, 48);background-color&#58;transparent;"">
</div></div>","<div>OperationDefinition&#160;instances are not&#160;used to provide examples of custom operations&#160;or named queries; rather, they are included in the specification&#160;defined&#160;FHIR&#160;operations&#160;and&#160;named queries.&#160;Accordingly, conformant request and response examples better illustrate the correct&#160;implementation of the&#160;OperationDefinition.&#160;<br></div>",,,"[""Implementation Guide"",""Example"",""Recommendation""]","Yes"
"FF-41503","[Example] Example Coverage","Recommended","<div>Examples provided in the specification&#160;<b>SHOULD</b>&#160;include&#160;coverage&#160;of real world usage scenarios, as applicable to the various profiles and extensions used in the specification.&#160;
</div>","<div>Providing&#160;consistent examples for all conformance resources in the specification offers clear implementation context.&#160;
</div>","<div>An IG designed for multiple use cases should include&#160;examples that cover all relevant&#160;usage&#160;scenarios.&#160;
</div>",,"[""Implementation Guide"",""Recommendation"",""Example""]","Yes"
"FF-41504","[Example] Cover Must-Support Data Elements","Recommended","<div>At least one&#160;example&#160;covering all mandatory and ‘Must-Support’ data elements&#160;SHALL&#160;be provided.&#160;
</div>","<div>Examples that include must-support enabled data elements serve to&#160;demonstrate&#160;compliance with the expected implementation obligations&#160;for the data elements in context.&#160;<br></div>","<div>Consider providing&#160;examples for&#160;‘populate-if-known’ and ‘populate’&#160;obligation&#160;tagged data elements.&#160;
</div>",,"[""Implementation Guide"",""Recommendation"",""Example""]","Yes"
"FF-41505","[Example] Cover Maximum Data Elements","Recommended","<div>At least one example covering all mandatory, optional (as applicable) and extension data elements&#160;<b>SHOULD</b>&#160;be provided.&#160;
</div>","<div>A&#160;well-constructed, full-coverage example minimises the risk of&#160;implementation&#160;misinterpretation by showing how all elements interact in a real-world scenario.&#160;
</div>","<div>When including optional data elements&#160;in the example, consider only those that&#160;are applicable&#160;to the profile in context. Do not include all optional elements defined in the International FHIR Specification.&#160;
</div>",,"[""Implementation Guide"",""Recommendation"",""Example""]","Yes"
"FF-41506","[Example] Meet Minimum Requirements","Mandatory","<div>At least one example covering only the mandatory elements<b>&#160;SHALL</b>&#160;be provided.&#160;
</div>","<div>Minimum&#160;requirements ensure that these examples are comprehensive enough to guide developers through common and edge-case scenarios.&#160;
</div>","<div>Consider all elements and extensions having&#160;1..* cardinalities in the&#160;specification.&#160;
</div>",,"[""Implementation Guide"",""Example""]","Yes"
"FF-41507","[Example] Provide Contextual Unambiguous Examples","Recommended","<div>To reduce ambiguity and limit the number of examples included in the specification, more than one example for the same purpose and context&#160;<b>SHOULD</b>&#160;be avoided.&#160;
</div>","<div>Including too many examples may overwhelm implementers. A focused set of examples that highlight the key aspects of the implementation guide will offer sufficient context and clarity.&#160;
</div>","<div>To ensure concise and focused documentation, avoid including multiple examples that illustrate the same data element.&#160;
</div>",,"[""Implementation Guide"",""Example"",""Recommendation""]","Yes"
"FF-41508","[Example] Provide Valid, Real-World Data","Mandatory","<div>The&#160;example&#160;provided&#160;in the&#160;specification&#160;<b>SHALL </b>include&#160;non-identifiable&#160;and non-production&#160;typical&#160;real-world&#160;data that reflects common&#160;clinically&#160;coherent, safe,&#160;and&#160;relevant&#160;scenarios.&#160;
</div>","<div>Including clinically safe and&#160;typical&#160;real-world&#160;examples in the&#160;specification&#160;enhances&#160;both the usability and trustworthiness of the standard in healthcare environments&#160;and&#160;helps&#160;implementers understand how to use FHIR resources without violating patient safety or privacy and avoid incorrect clinical interpretations.&#160;
</div>","<div>Wherever&#160;appropriate, consider using publicly available test data sets&#160;while constructing&#160;examples.&#160;
</div>",,"[""Implementation Guide"",""Example""]","Yes"
"FF-41509","[Example] Provide Example Purpose","Recommended","<div>The purpose of the&#160;example, along&#160;with detailing the use case context&#160;<b>SHOULD</b>&#160;be provided&#160;in the specification.&#160;
</div>","<div>The description and purpose of the&#160;example&#160;enhance&#160;clarity and&#160;relevance&#160;within in the specification&#160;and&#160;helps the reader understand why the&#160;example&#160;is being presented.&#160;
</div>","<div>Use&#160;a short description&#160;outlining the use case context&#160;for each example&#160;included in the specification.&#160;
</div>",,"[""Implementation Guide"",""Recommendation"",""Example""]","Yes"
"FF-41510","[Example] Avoid Profile Assertion within Example","Recommended","<div>Examples provided in the specification&#160;<b>SHOULD&#160;NOT</b>&#160;populate&#160;‘meta.profile’&#160;element.&#160;
</div>","<div>Examples play a key role&#160;in implementing&#160;the specification. Inclusion of&#160;‘meta.profile’&#160;may set an expectation that this tag must be populated in production instances,&#160;which is not recommended.&#160;
</div>","<div>The IG&#160;development team are advised to&#160;Vvalidate the&#160;examples before including it in the specification&#160;using&#160;‘compliesWithProfile’ extension.&#160;
</div>",,"[""Implementation Guide"",""Recommendation"",""Example""]","Yes"
"FF-41511","[Example] Example Validation","Mandatory","<div>Only the examples pre-validated using&#160;the HL7&#160;FHIR validator&#160;<b>SHALL&#160;</b>be included in the specification.&#160;
</div>","<div>Inclusion of examples&#160;that are&#160;validated&#160;(e.g.,&#160;required&#160;fields, valid values, expected behaviours)&#160;by the HL7 FHIR validator in&#160;the specification helps prevent incomplete or misleading implementations.
</div>","<div>Use HL7 FHIR&#160;validation tool&#160;to&#160;validate&#160;the example.&#160;
</div>",,"[""Implementation Guide"",""Example""]","Yes"
"FF-41601","[Must Support & Obligation] Obligation & Must Support","Mandatory","<div>If the specification uses&#160;<i>obligation</i>,&#160;then the&#160;<i>obligation&#160;</i><b>SHALL</b>&#160;be&#160;accompanied by an explicit&#160;<i>must-support&#160;</i>flag.&#160;</div>","<div><ul><li>Adding obligations to FHIR resources underpins conformance check and promotes semantic consistency.&#160;</li><li>By enforcing consistent data structures and mandatory fields, obligations make it easier for systems to exchange and interpret data reliably enabling automated validation.&#160;</li><li>Flagging an element with Must Support introduces conformance requirement&#160;for the use case in some&#160;meaningful&#160;way&#160;and clarifies&#160;how a system should produce or consume resources to support that element.&#160;</li></ul></div><div>
</div>","<div><ul><li>Obligation is&#160;fairly new&#160;concept in FHIR and being adopted Nationally and Internationally to as a better approach to specify conformance requirement for system behaviour.&#160;</li><li>Use the&#160;<a href=""https&#58;//hl7.org/fhir/extensions/StructureDefinition-obligation.html"">obligation extensio</a>n and use case aligned&#160;<a href=""https&#58;//hl7.org/fhir/extensions/CodeSystem-obligation.html"">obligation code</a>.&#160;</li><li>Must Support along with related obligation provides clarify on the conformance requirements</li></ul></div><div class=""ExternalClass58F408F6AEB24CD2BA381BE198216FF0""><div>
</div></div>",,"[""Implementation Guide"",""Must Support""]","Yes"
"FF-41602","[Must Support & Obligation] Obligation Actor","Mandatory","<div><ul><li>The specification&#160;<b>SHALL</b>&#160;define all the actors as applicable&#160;to&#160;the use case.&#160;</li><li>The specification&#160;<b>SHALL</b>&#160;define obligations&#160;for all actors&#160;as&#160;applicable.&#160;</li></ul></div><div>
</div>","<div></div><div>Defining use case specific actors&#160;helps in&#160;clarify&#160;whether and how&#160;the obligation applies to the data sender, receiver, or both and&#160;reflects the real-world&#160;roles of these systems.&#160;&#160;</div><div class=""ExternalClassC119393C33A3472D8DE35E3F0E8199B7""><div><div></div></div><div>
</div></div>","<div>Actors related to obligation are specified using an&#160;<i>ActorDefinition</i>&#160;resource.&#160;
</div>",,"[""Implementation Guide"",""Must Support"",""Actor""]","Yes"
"FF-41701","[Missing Data & Suppressed Data] Support for Missing Data","Mandatory","<div>Support for missing data (i.e. where implementers are unable to provide a value for a mandatory or conditionally mandatory data element)&#160;<b>SHALL</b>&#160;be based solely on the&#160;corresponding&#160;business and information requirements&#160;which the specification is based upon.&#160;
</div>","<div>The Agency’s FHIR Specifications provide&#160;implementable&#160;technical specifications for well understood business and clinical use cases&#160;and&#160;their supporting technical documentation.&#160;These use cases are&#160;very likely&#160;to be sensitive to any missing data on the overall solution being supported.&#160;Accordingly,&#160;it is not up to teams responsible for developing the FHIR Specification&#160;to decide how and where missing data should be supported.&#160;
</div>","<div>Teams responsible for developing FHIR Specifications are encouraged to ensure&#160;teams responsible for business and information requirements&#160;are aware of&#160;available&#160;approaches to supporting&#160;missing&#160;data in FHIR.&#160;&#160;
</div>",,"[""Implementation Guide"",""Missing Data""]","Yes"
"FF-41702","[Missing Data & Suppressed Data] Missing Data Support in Dependencies","Mandatory","<div>Specifications which depend on other FHIR specifications (or Implementation Guides) which support approaches for missing data need to explicitly clarify&#160;whether these approaches are supported or not thus ensuring alignment with the corresponding business requirements for the specification.&#160;
</div>","<div>To ensure no ambiguity between the Agency’s FHIR Specifications and ones which may be adopted as dependencies, the overall position of the specification in relation to missing data must be made explicit and clear to implementers.&#160;
</div>",,,"[""Implementation Guide"",""Missing Data""]","Yes"
"FF-41703","[Missing Data & Suppressed Data] Support for Suppressed Data","Mandatory","<div>Support for&#160;suppressed&#160;data (i.e. where implementers&#160;need to&#160;exclude a value for a&#160;data element&#160;e.g. for privacy reasons)<b> SHALL </b>be based solely on the corresponding business and information requirements which the specification is based upon.&#160;
</div>","<div>The Agency’s FHIR Specifications provide implementable technical specifications for well understood business and clinical use cases and their supporting technical documentation. These use cases are very likely to be sensitive to any&#160;suppressed&#160;data on the overall solution being supported. Accordingly, it is not up to teams responsible for developing the FHIR Specification to decide how and where&#160;suppressed&#160;data should be supported.&#160;
</div>","<div>Teams responsible for developing FHIR Specifications&#160;are encouraged&#160;to ensure teams responsible for business and information requirements are aware of available approaches to supporting&#160;suppressed&#160;data in FHIR.&#160;&#160;
</div>",,"[""Implementation Guide"",""Missing Data""]","Yes"
"FF-41704","[Missing Data & Suppressed Data] Suppressed Data Support in Dependencies","Mandatory","<div>Specifications which depend on other FHIR specifications (or Implementation Guides) which support approaches for&#160;suppressed&#160;data need to explicitly clarify whether these approaches are supported or not thus ensuring alignment with the corresponding business requirements for the specification.&#160;
</div>","<div>To ensure no ambiguity between the Agency’s FHIR Specifications and ones which may be adopted as dependencies, the overall position of the specification in relation to&#160;suppressed&#160;data must be made explicit and clear to implementers.&#160;
</div>",,,"[""Implementation Guide"",""Missing Data"",""Dependency""]","Yes"
"FF-41801","[Use of Terminology] Re-use of Existing Terminology","Recommended","<div>The specification&#160;<b>SHOULD</b>&#160;leverage&#160;existing terminologies&#160;publicly&#160;available Nationally&#160;or&#160;Internationally.
</div>","<div>Reusing existing terminologies (<i>ValueSets</i>&#160;and<i>&#160;CodeSystems</i>)&#160;eliminates&#160;duplication and enhances interoperability.&#160;
</div>","<div>Provide rationale if there is a deviation from this policy and, for any reason, a new terminology artifact needs to be created instead of reusing an existing one.&#160;
</div>",,"[""Terminology"",""Value Set"",""Code System"",""Recommendation""]","Yes"
"FF-41804","[Use of Terminology] Preferred Binding Strength ","Mandatory","</div><div>Binding strength ‘preferred’&#160;<b>SHALL</b>&#160;be used under the following conditions&#58;&#160;</div><div>If the parent Implementation Guide specifies the binding strength as ‘preferred’ and the derived Implementation Guide does not introduce any&#160;additional&#160;constraints, the binding&#160;remains&#160;at the ‘preferred’ level.&#160;</div><div class=""ExternalClass7BBB33F95E9544FBA49FEC328A7FD5F1""><p><b style=""color&#58;rgb(200, 38, 19);""></b></p>

","<div>This&#160;policy&#160;ensures consistency with the parent&#160;IG&#160;while allowing implementers flexibility in selecting&#160;appropriate codes, as ‘preferred’ bindings are recommendations rather than strict requirements.&#160;<br></div>","<div>If a biding is defined as ‘preferred’ in AU Core and the use case in the derived agency IG&#160;doesn’t&#160;imposes any further restrictions, then use ‘preferred’ in the derived IG.&#160;<br></div>",,"[""Terminology"",""Value Set"",""Code System""]","Yes"
"FF-41805","[Use of Terminology] Example Binding Strength","Recommended","<div>The specification&#160;<b>SHALL&#160;NOT</b>&#160;use “example” binding strength.
</div>","<div>Binding strength ‘example’&#160;provides no enforceable constraint on terminology, leading to inconsistent implementations, poor interoperability, and lack of conformance validation.&#160;
</div>","<div>Appropriate binding strengths&#160;such as&#160;required,&#160;extensible, or&#160;preferred&#160;must be applied based on the use case to ensure semantic consistency and predictable data exchange.&#160;
</div>",,"[""Terminology"",""Value Set"",""Code System""]","Yes"
"FF-41806","[Use of Terminology] Use of Code System Supplement ","Recommended","<div>The specification<b>&#160;SHOULD&#160;</b>consider using&#160;CodeSystem&#160;supplement&#160;to&#160;define any&#160;additional&#160;designations, relationships, and/or properties for the codes of any existing&#160;CodeSystem. &#160;
</div>","<div>This helps&#160;supporting&#160;the&#160;followings&#58;&#160;</div><div><ul><li>Add support for&#160;additional&#160;languages&#160;</li><li>Add properties&#160;for user interfaces, priorities and ordering etc.&#160;</li></ul></div><div>
</div>","<div>Here is the HL7&#160;Link on Supplement&#58;&#160;<a href=""https&#58;//hl7.org/fhir/R4/codesystem.html%22%20/l%20%22supplements"">CodeSystem&#160;- FHIR v4.0.1</a>&#160;</div>",,"[""Terminology"",""Value Set"",""Code System"",""Recommendation""]","Yes"
"FF-41901","[Use of Invariants] Invariant Id","Mandatory","<div>The [name] of the&#160;invariant&#160;SHALL&#160;follow the&#160;format&#58;&#160;inv-[sequence-number]-[element-name(optional)]-[short-name]&#160;</div><div>Where&#58;&#160;</div><div>[sequence-number]&#58; Invariant&#160;sequence number&#160;for the resource in context&#160;</div><div>[element-name(optional)]&#58;&#160;name of the element of the FHIR resource in case multiple invariants are applicable.&#160;&#160;</div><div>[short-name]&#58; an&#160;abbreviations or acronyms&#160;focusing on&#160;the invariant’s context&#160;&#160;</div><div><br></div>","<div>A consistent naming pattern for&#160;invariants used in the specification&#160;promotes improved readability and interoperability.&#160;<br></div>",,,"[""Invariant""]","Yes"
"FF-41902","[Use of Invariants] Use of FHIRPath","Mandatory",,"<div>Explicitly&#160;identifying&#160;the version of&#160;FHIRPath&#160;used in this specification is essential to ensure consistent interpretation,&#160;validation&#160;and evaluation of expressions across implementations.&#160;<br><br></div><div>Without clear&#160;understanding on the&#160;FHIRPath&#160;versioning, implementers may apply incorrect logic, leading to interoperability issues and inconsistent results.&#160;&#160;</div><div><br></div>","<div>Highlight&#160;the&#160;FHIRPath&#160;version on the Home Page&#160;as a dependency&#160;to&#160;provide transparency&#160;to the implementers.&#160;<br></div>",,"[""Invariant"",""FHIRPath""]","Yes"
"FF-42001","[IG Template & Menu Items] IG Template","Mandatory","<div>All Implementation Guide (IG)&#160;projects&#160;<b>SHALL</b>&#160;apply the Agency approved IG template.&#160;
</div>","<div>To ensure uniformities are&#160;maintained&#160;across all&#160;Agency developed&#160;IGs&#160;and&#160;alignment&#160;to the framework&#160;is enforced.&#160;<br></div>",,,"[""Implementation Guide"",""Template""]","Yes"
"FF-42002","[IG Template & Menu Items] Plain Language Descriptions","Mandatory","</div></div><div>All Implementation Guide (IG) projects&#160;<b>SHALL</b>&#160;provide a&#160;non-technical&#160;plain language description of the IG which&#160;summarises&#160;the&#160;purpose&#160;of the&#160;IG.&#160;</div><div>","<div>The purpose of the plain language description is to clearly communicate the purpose of the IG to readers of all&#160;levels&#160;of understanding.&#160;</div><div>
</div>",,,"[""Implementation Guide"",""Template""]","Yes"
"FF-42003","[IG Template & Menu Items] Menu Items","Mandatory","<div></div></div><div>All Implementation Guide (IG)&#160;projects<b>&#160;SHALL</b>&#160;include&#160;the following&#160;top level&#160;menu items.&#160;<br>Additional&#160;menu items can be added based on the requirement from specific use case.&#160;</div><div><ul><li>Home&#58; Provide&#160;details on&#160;purpose,&#160;introduction, background&#160;and&#160;how to navigate the different section&#160;of&#160;Implementation&#160;Guide&#160;&#160;</li><li>Conformance&#160;&#58;&#160;Provide&#160;technical&#160;conformance requirements related to&#160;obligation, missing data,&#160;must-support.&#160;</li><li>Guidance&#58;&#160;General&#160;guidance on&#160;some concepts specifically used in the&#160;Implementation Guide&#160;</li><li>Security and Privacy&#160;</li><li>FHIR&#160;Artefacts&#160;&#58;&#160;List down all the key FHIR artefacts (e.g.&#58; Profiles,&#160;Extension, Terminologies&#160;etc). Provide a sub menu for each conformance resource&#160;type&#160;used in the&#160;IG.&#160;</li><li>Examples&#58; A dedicated&#160;menu&#160;for listing all the&#160;examples used in the IG.&#160;</li><li>Support&#58;&#160;Provide&#160;option&#160;to download the IG as a package&#160;and&#160;summarise any licencing details&#160;</li><li>Change Log&#58; provide a change log as per the&#160;policy statement&#58; “Resource change history”.&#160;Where applicable,&#160;provide&#160;a&#160;cross-version&#160;comparisons&#160;summary.&#160;</li></ul></div><div class=""ExternalClassCB70219EAF0243FA935DAB7ED387967E""><div><div></div></div><div style=""font-family&#58;Calibri, Arial, Helvetica, sans-serif;font-size&#58;11pt;color&#58;rgb(50, 49, 48);background-color&#58;transparent;"">
</div>","<div>Maintaining a consistent list of menu items improves readability&#160;for implementers&#160;and&#160;ensures&#160;seamless navigation across the various sections of the Implementation Guides&#160;published by the Agency.&#160;<br></div>","<div>Depending on the use case, the project team responsible for publishing the Implementation Guide may&#160;add&#160;additional&#160;sections and&#160;subsections within the menu items outlined above.&#160;<br></div>",,"[""Implementation Guide"",""Convention""]","Yes"
